tenure_cohort,High,Low,Medium
0-5m,0.0404777704047777,0.017555705604321403,0.02378999179655455
12-23m,0.029549848108257386,0.013004519863611133,0.017152658662092625
24-35m,0.023017902813299233,0.008982263834969932,0.016488284639861153
36m+,0.02551640340218712,0.011132173013958297,0.01713641488162345
6-11m,0.03974763406940063,0.019543973941368076,0.023338824821526633
