reason_code,disputes,dispute_amount,win_rate
FRAUD,588,29300.8,0.3401360544217687
NOT_AS_DESCRIBED,375,19415.17,0.312
NOT_RECEIVED,371,18277.29,0.38544474393531
NO_AUTH,325,14096.75,0.38461538461538464
DUPLICATE,149,7861.15,0.5436241610738255
PROCESSING_ERROR,136,6914.71,0.4117647058823529
CANCELLED,94,5908.19,0.3617021276595745
